{
    "initial_investment": 1000.0,
    "final_balance": 1088.7032054055403,
    "total_profit": 88.7032054055403,
    "profit_percentage": 8.870320540554033,
    "buy_count": 5,
    "sell_count": 4,
    "max_drawdown": 3.261784818247415,
    "annual_return": 0.16607815078682697,
    "annual_volatility": 0.12272469251026477,
    "sharpe_ratio": 1.1902914384944083,
    "calmar_ratio": 5.091634183154429
}