{
    "initial_investment": 1000.0,
    "final_balance": 1053.451624076783,
    "total_profit": 53.45162407678299,
    "profit_percentage": 5.3451624076783055,
    "buy_count": 14,
    "sell_count": 13,
    "max_drawdown": 4.495892971625515,
    "annual_return": 0.008319153674386515,
    "annual_volatility": 0.07083125986610625,
    "sharpe_ratio": -0.16491089312394025,
    "calmar_ratio": 0.18503896171217527
}