{
    "initial_investment": 1000.0,
    "final_balance": 1032.7987883179167,
    "total_profit": 32.79878831791666,
    "profit_percentage": 3.2798788317916605,
    "buy_count": 3,
    "sell_count": 2,
    "max_drawdown": 0.9023728295789346,
    "annual_return": 0.019427797636958344,
    "annual_volatility": 0.029383438742573903,
    "sharpe_ratio": -0.019473635065476117,
    "calmar_ratio": 2.1529679307857426
}