{
    "initial_investment": 1000.0,
    "final_balance": 870.3574388936627,
    "total_profit": -129.64256110633733,
    "profit_percentage": -12.964256110633732,
    "buy_count": 35,
    "sell_count": 34,
    "max_drawdown": 12.877133243877603,
    "annual_return": -0.20400691780682545,
    "annual_volatility": 0.11390018599981085,
    "sharpe_ratio": -1.9666949253901784,
    "calmar_ratio": -1.584257256201181
}