{
    "initial_investment": 1000.0,
    "final_balance": 1047.3544358285735,
    "total_profit": 47.354435828573514,
    "profit_percentage": 4.735443582857357,
    "buy_count": 10,
    "sell_count": 9,
    "max_drawdown": 5.055222901968392,
    "annual_return": -0.035355302977323366,
    "annual_volatility": 0.09001646805903751,
    "sharpe_ratio": -0.6149464000411399,
    "calmar_ratio": -0.6993816823301064
}