{
    "initial_investment": 1000.0,
    "final_balance": 1005.0923103869846,
    "total_profit": 5.09231038698465,
    "profit_percentage": 0.5092310386984655,
    "buy_count": 31,
    "sell_count": 30,
    "max_drawdown": 8.963608283863945,
    "annual_return": -0.019600030785354328,
    "annual_volatility": 0.17631389134716755,
    "sharpe_ratio": -0.22459960745452914,
    "calmar_ratio": -0.2186622860420819
}