{
    "initial_investment": 1000.0,
    "final_balance": 901.7721850877531,
    "total_profit": -98.22781491224691,
    "profit_percentage": -9.822781491224685,
    "buy_count": 7,
    "sell_count": 6,
    "max_drawdown": 11.716384659381463,
    "annual_return": -0.18672655909616387,
    "annual_volatility": 0.10342521818806175,
    "sharpe_ratio": -1.9988022526601357,
    "calmar_ratio": -1.5937216515561348
}