{
    "initial_investment": 1000.0,
    "final_balance": 1045.4677197922265,
    "total_profit": 45.46771979222649,
    "profit_percentage": 4.546771979222641,
    "buy_count": 4,
    "sell_count": 3,
    "max_drawdown": 0.381744988346977,
    "annual_return": 0.10970328827261144,
    "annual_volatility": 0.08226972013804848,
    "sharpe_ratio": 1.0903560644437522,
    "calmar_ratio": 28.737322459070384
}