{
    "initial_investment": 1000.0,
    "final_balance": 872.6180441037305,
    "total_profit": -127.38195589626946,
    "profit_percentage": -12.738195589626944,
    "buy_count": 8,
    "sell_count": 7,
    "max_drawdown": 14.570578890232744,
    "annual_return": -0.2270161886053409,
    "annual_volatility": 0.1432078447688684,
    "sharpe_ratio": -1.7248788919630411,
    "calmar_ratio": -1.5580450874022524
}