{
    "initial_investment": 1000.0,
    "final_balance": 1015.6751469478558,
    "total_profit": 15.675146947855751,
    "profit_percentage": 1.5675146947855767,
    "buy_count": 3,
    "sell_count": 2,
    "max_drawdown": 5.66177712061009,
    "annual_return": 0.029616629511516335,
    "annual_volatility": 0.12102174357946813,
    "sharpe_ratio": 0.07946199771284602,
    "calmar_ratio": 0.5230977638400038
}