{
    "initial_investment": 1000.0,
    "final_balance": 913.6555145246364,
    "total_profit": -86.34448547536363,
    "profit_percentage": -8.634448547536365,
    "buy_count": 34,
    "sell_count": 33,
    "max_drawdown": 14.786821354827495,
    "annual_return": -0.17886621191340246,
    "annual_volatility": 0.13089835716645115,
    "sharpe_ratio": -1.519241465043927,
    "calmar_ratio": -1.2096326020399746
}