{
    "initial_investment": 1000.0,
    "final_balance": 1042.901215562869,
    "total_profit": 42.90121556286908,
    "profit_percentage": 4.290121556286919,
    "buy_count": 20,
    "sell_count": 19,
    "max_drawdown": 7.757092332793258,
    "annual_return": -0.06906595256666315,
    "annual_volatility": 0.12036597766247076,
    "sharpe_ratio": -0.7399595325551306,
    "calmar_ratio": -0.8903587788259977
}