{
    "initial_investment": 1000.0,
    "final_balance": 1045.4082209387066,
    "total_profit": 45.40822093870656,
    "profit_percentage": 4.540822093870656,
    "buy_count": 19,
    "sell_count": 18,
    "max_drawdown": 8.56547766901079,
    "annual_return": -0.028833171444218264,
    "annual_volatility": 0.1704907286554428,
    "sharpe_ratio": -0.28642713788213553,
    "calmar_ratio": -0.3366207064964324
}