{
    "initial_investment": 1000.0,
    "final_balance": 905.7839592271722,
    "total_profit": -94.2160407728278,
    "profit_percentage": -9.421604077282774,
    "buy_count": 7,
    "sell_count": 7,
    "max_drawdown": 13.19336280212754,
    "annual_return": -0.13970284957406665,
    "annual_volatility": 0.18861730255834275,
    "sharpe_ratio": -0.8467030723476053,
    "calmar_ratio": -1.0588873486563894
}