{
    "initial_investment": 1000.0,
    "final_balance": 947.7769290090736,
    "total_profit": -52.22307099092643,
    "profit_percentage": -5.222307099092638,
    "buy_count": 5,
    "sell_count": 4,
    "max_drawdown": 9.592671100634275,
    "annual_return": -0.15422678857799366,
    "annual_volatility": 0.08997969024914267,
    "sharpe_ratio": -1.9362901572074893,
    "calmar_ratio": -1.6077564524003751
}