{
    "initial_investment": 1000.0,
    "final_balance": 925.6722861460437,
    "total_profit": -74.32771385395631,
    "profit_percentage": -7.432771385395631,
    "buy_count": 5,
    "sell_count": 4,
    "max_drawdown": 8.841831705203006,
    "annual_return": -0.026291187540933847,
    "annual_volatility": 0.15364230821794947,
    "sharpe_ratio": -0.301291929793631,
    "calmar_ratio": -0.2973500109198268
}