{
    "initial_investment": 1000.0,
    "final_balance": 1075.222110934917,
    "total_profit": 75.22211093491705,
    "profit_percentage": 7.522211093491715,
    "buy_count": 5,
    "sell_count": 4,
    "max_drawdown": 3.1803471525406968,
    "annual_return": -0.032220287338407094,
    "annual_volatility": 0.06509374083916819,
    "sharpe_ratio": -0.802232083533677,
    "calmar_ratio": -1.0131059847560082
}