{
    "initial_investment": 1000.0,
    "final_balance": 970.003756279578,
    "total_profit": -29.996243720421944,
    "profit_percentage": -2.999624372042198,
    "buy_count": 2,
    "sell_count": 1,
    "max_drawdown": 2.1046024160930377,
    "annual_return": -0.03526742735805599,
    "annual_volatility": 0.02486945275230329,
    "sharpe_ratio": -2.222301709189696,
    "calmar_ratio": -1.6757287309175517
}