{
    "initial_investment": 1000.0,
    "final_balance": 944.8183757071816,
    "total_profit": -55.181624292818356,
    "profit_percentage": -5.518162429281837,
    "buy_count": 17,
    "sell_count": 16,
    "max_drawdown": 5.922413095589906,
    "annual_return": -0.0871010168416112,
    "annual_volatility": 0.07640570860284265,
    "sharpe_ratio": -1.4017410321828563,
    "calmar_ratio": -1.4707014765057593
}