{
    "initial_investment": 1000.0,
    "final_balance": 1051.4050880814889,
    "total_profit": 51.405088081488884,
    "profit_percentage": 5.140508808148891,
    "buy_count": 12,
    "sell_count": 11,
    "max_drawdown": 6.683169234998621,
    "annual_return": -0.057773700682724694,
    "annual_volatility": 0.10351176436478456,
    "sharpe_ratio": -0.7513513189538856,
    "calmar_ratio": -0.8644656247843261
}