{
    "initial_investment": 1000.0,
    "final_balance": 959.6760432329493,
    "total_profit": -40.32395676705073,
    "profit_percentage": -4.03239567670507,
    "buy_count": 27,
    "sell_count": 26,
    "max_drawdown": 10.460593977376186,
    "annual_return": -0.05216404542872377,
    "annual_volatility": 0.16684268943399763,
    "sharpe_ratio": -0.432527464484871,
    "calmar_ratio": -0.4986719257199197
}