{
    "initial_investment": 1000.0,
    "final_balance": 1006.4595862209658,
    "total_profit": 6.459586220965775,
    "profit_percentage": 0.6459586220965763,
    "buy_count": 20,
    "sell_count": 19,
    "max_drawdown": 11.178726868978872,
    "annual_return": -0.12899868426057415,
    "annual_volatility": 0.1365341912861101,
    "sharpe_ratio": -1.091292099488431,
    "calmar_ratio": -1.1539657938914971
}