{
    "initial_investment": 1000.0,
    "final_balance": 953.7572030497774,
    "total_profit": -46.242796950222555,
    "profit_percentage": -4.62427969502226,
    "buy_count": 3,
    "sell_count": 2,
    "max_drawdown": 9.31479234542467,
    "annual_return": -0.1473166711070789,
    "annual_volatility": 0.115657936125835,
    "sharpe_ratio": -1.446651018612675,
    "calmar_ratio": -1.5815346777906363
}