{
    "initial_investment": 1000.0,
    "final_balance": 844.7139958170329,
    "total_profit": -155.28600418296708,
    "profit_percentage": -15.528600418296712,
    "buy_count": 56,
    "sell_count": 56,
    "max_drawdown": 18.478398443726253,
    "annual_return": -0.24062519146342776,
    "annual_volatility": 0.15459606961455613,
    "sharpe_ratio": -1.6858461674557887,
    "calmar_ratio": -1.3021972234023578
}