{
    "initial_investment": 1000.0,
    "final_balance": 895.3976846589347,
    "total_profit": -104.60231534106526,
    "profit_percentage": -10.460231534106523,
    "buy_count": 34,
    "sell_count": 33,
    "max_drawdown": 14.836400321771526,
    "annual_return": -0.20677665856098337,
    "annual_volatility": 0.12956621685385777,
    "sharpe_ratio": -1.7502761450291677,
    "calmar_ratio": -1.3937117769567802
}