{
    "initial_investment": 1000.0,
    "final_balance": 939.2475998279939,
    "total_profit": -60.752400172006105,
    "profit_percentage": -6.075240017200612,
    "buy_count": 5,
    "sell_count": 4,
    "max_drawdown": 8.047536635048559,
    "annual_return": -0.12964890154010944,
    "annual_volatility": 0.08768425414531629,
    "sharpe_ratio": -1.7066793006199394,
    "calmar_ratio": -1.6110383514809203
}