{
    "initial_investment": 1000.0,
    "final_balance": 1031.2845701000463,
    "total_profit": 31.284570100046267,
    "profit_percentage": 3.128457010004637,
    "buy_count": 11,
    "sell_count": 10,
    "max_drawdown": 4.1102303860313665,
    "annual_return": 0.011591903821856153,
    "annual_volatility": 0.07869001739168043,
    "sharpe_ratio": -0.10685086186081846,
    "calmar_ratio": 0.2820256465732744
}