{
    "initial_investment": 1000.0,
    "final_balance": 1081.7661337573813,
    "total_profit": 81.76613375738134,
    "profit_percentage": 8.176613375738139,
    "buy_count": 6,
    "sell_count": 5,
    "max_drawdown": 3.261784818247415,
    "annual_return": 0.2452914431458617,
    "annual_volatility": 0.16034222310378585,
    "sharpe_ratio": 1.4050662313696107,
    "calmar_ratio": 7.520160182659103
}