{
    "initial_investment": 1000.0,
    "final_balance": 990.1220414084071,
    "total_profit": -9.877958591592915,
    "profit_percentage": -0.9877958591592906,
    "buy_count": 3,
    "sell_count": 3,
    "max_drawdown": 4.52587496830229,
    "annual_return": -0.014151906303789819,
    "annual_volatility": 0.07236530632824026,
    "sharpe_ratio": -0.4719375628547873,
    "calmar_ratio": -0.3126888480770022
}