{
    "initial_investment": 1000.0,
    "final_balance": 972.4004389991691,
    "total_profit": -27.59956100083093,
    "profit_percentage": -2.759956100083094,
    "buy_count": 73,
    "sell_count": 72,
    "max_drawdown": 14.729074394183794,
    "annual_return": -0.01901934095721758,
    "annual_volatility": 0.22973827252187445,
    "sharpe_ratio": -0.16984258011908906,
    "calmar_ratio": -0.12912787625492558
}