{
    "initial_investment": 1000.0,
    "final_balance": 951.3304007745733,
    "total_profit": -48.66959922542674,
    "profit_percentage": -4.8669599225426685,
    "buy_count": 45,
    "sell_count": 44,
    "max_drawdown": 12.784580904831822,
    "annual_return": -0.040421492398890146,
    "annual_volatility": 0.22647049868785812,
    "sharpe_ratio": -0.26679630569528817,
    "calmar_ratio": -0.3161737776137284
}