{
    "initial_investment": 1000.0,
    "final_balance": 1019.4417824206106,
    "total_profit": 19.441782420610593,
    "profit_percentage": 1.9441782420610565,
    "buy_count": 26,
    "sell_count": 25,
    "max_drawdown": 9.698668897644547,
    "annual_return": 0.05255193944815262,
    "annual_volatility": 0.18164242766013736,
    "sharpe_ratio": 0.17920889886507696,
    "calmar_ratio": 0.5418469276842265
}