{
    "initial_investment": 1000.0,
    "final_balance": 977.9421847934501,
    "total_profit": -22.05781520654989,
    "profit_percentage": -2.2057815206549924,
    "buy_count": 30,
    "sell_count": 29,
    "max_drawdown": 14.093174049619916,
    "annual_return": 0.013342590835576873,
    "annual_volatility": 0.2495573241457257,
    "sharpe_ratio": -0.026676873488736486,
    "calmar_ratio": 0.09467413649047153
}