{
    "initial_investment": 1000.0,
    "final_balance": 1075.3621576494033,
    "total_profit": 75.36215764940334,
    "profit_percentage": 7.536215764940324,
    "buy_count": 3,
    "sell_count": 2,
    "max_drawdown": 11.435276191379106,
    "annual_return": -0.11903449227251472,
    "annual_volatility": 0.1562265429518789,
    "sharpe_ratio": -0.889954355037737,
    "calmar_ratio": -1.0409411218441156
}