{
    "initial_investment": 1000.0,
    "final_balance": 1073.1239581142697,
    "total_profit": 73.12395811426973,
    "profit_percentage": 7.312395811426975,
    "buy_count": 5,
    "sell_count": 4,
    "max_drawdown": 3.3389241852249896,
    "annual_return": 0.22515663391114926,
    "annual_volatility": 0.206650557227286,
    "sharpe_ratio": 0.9927707752827706,
    "calmar_ratio": 6.743388631208988
}