{
    "initial_investment": 1000.0,
    "final_balance": 1026.1500048989067,
    "total_profit": 26.150004898906673,
    "profit_percentage": 2.615000489890673,
    "buy_count": 51,
    "sell_count": 50,
    "max_drawdown": 8.080511091766985,
    "annual_return": 0.06862956905865625,
    "annual_volatility": 0.20438945989668655,
    "sharpe_ratio": 0.23792601185617498,
    "calmar_ratio": 0.8493221317223495
}