{
    "initial_investment": 1000.0,
    "final_balance": 979.9771855795605,
    "total_profit": -20.022814420439545,
    "profit_percentage": -2.0022814420439516,
    "buy_count": 4,
    "sell_count": 4,
    "max_drawdown": 13.879388069961184,
    "annual_return": -0.006272921668936227,
    "annual_volatility": 0.2331726285503599,
    "sharpe_ratio": -0.1126758394940077,
    "calmar_ratio": -0.04519595271287612
}