{
    "initial_investment": 1000.0,
    "final_balance": 898.4782819308301,
    "total_profit": -101.52171806916988,
    "profit_percentage": -10.152171806916988,
    "buy_count": 22,
    "sell_count": 21,
    "max_drawdown": 10.925981310953038,
    "annual_return": -0.13390093181347973,
    "annual_volatility": 0.20501280571584302,
    "sharpe_ratio": -0.7506893595066122,
    "calmar_ratio": -1.225527739821843
}