{
    "initial_investment": 1000.0,
    "final_balance": 1204.7565115846453,
    "total_profit": 204.7565115846453,
    "profit_percentage": 20.475651158464526,
    "buy_count": 5,
    "sell_count": 4,
    "max_drawdown": 5.015254294026628,
    "annual_return": 0.3790201023582753,
    "annual_volatility": 0.28498345678508197,
    "sharpe_ratio": 1.259792783793157,
    "calmar_ratio": 7.557345652636273
}