{
    "initial_investment": 1000.0,
    "final_balance": 1023.428013861636,
    "total_profit": 23.428013861636032,
    "profit_percentage": 2.3428013861636066,
    "buy_count": 20,
    "sell_count": 19,
    "max_drawdown": 3.891598998225143,
    "annual_return": 0.07824995159530435,
    "annual_volatility": 0.11487332627003455,
    "sharpe_ratio": 0.5070798721225783,
    "calmar_ratio": 2.010740357138341
}