{
    "initial_investment": 1000.0,
    "final_balance": 1017.8513799497337,
    "total_profit": 17.851379949733655,
    "profit_percentage": 1.7851379949733737,
    "buy_count": 2,
    "sell_count": 2,
    "max_drawdown": 0.10000000000000009,
    "annual_return": 0.030769149443646837,
    "annual_volatility": 0.018927573962895676,
    "sharpe_ratio": 0.5689661794352484,
    "calmar_ratio": 30.76914944364681
}