{
    "initial_investment": 1000.0,
    "final_balance": 940.6910359088041,
    "total_profit": -59.30896409119589,
    "profit_percentage": -5.93089640911959,
    "buy_count": 33,
    "sell_count": 32,
    "max_drawdown": 13.113484362417138,
    "annual_return": -0.06615128397200376,
    "annual_volatility": 0.19007848520134993,
    "sharpe_ratio": -0.4532405857545835,
    "calmar_ratio": -0.5044523800370815
}