{
    "initial_investment": 1000.0,
    "final_balance": 862.9657535042753,
    "total_profit": -137.0342464957247,
    "profit_percentage": -13.70342464957247,
    "buy_count": 14,
    "sell_count": 13,
    "max_drawdown": 12.843349625445343,
    "annual_return": -0.19740702309392844,
    "annual_volatility": 0.1660191305391692,
    "sharpe_ratio": -1.3095299462650491,
    "calmar_ratio": -1.537036901205462
}