{
    "initial_investment": 1000.0,
    "final_balance": 971.9951390667153,
    "total_profit": -28.004860933284704,
    "profit_percentage": -2.800486093328469,
    "buy_count": 24,
    "sell_count": 23,
    "max_drawdown": 12.909501016466463,
    "annual_return": -0.006267968846648819,
    "annual_volatility": 0.22084313348324522,
    "sharpe_ratio": -0.11894401438857369,
    "calmar_ratio": -0.048553145769567964
}