{
    "initial_investment": 1000.0,
    "final_balance": 1013.3880566483655,
    "total_profit": 13.388056648365477,
    "profit_percentage": 1.338805664836551,
    "buy_count": 8,
    "sell_count": 7,
    "max_drawdown": 4.147605400568411,
    "annual_return": 0.027804630413788667,
    "annual_volatility": 0.07935174840911664,
    "sharpe_ratio": 0.09835486388466269,
    "calmar_ratio": 0.6703779103474541
}