{
    "initial_investment": 1000.0,
    "final_balance": 1077.575864224943,
    "total_profit": 77.57586422494296,
    "profit_percentage": 7.757586422494289,
    "buy_count": 5,
    "sell_count": 4,
    "max_drawdown": 2.846174502130372,
    "annual_return": 0.2940265496037675,
    "annual_volatility": 0.18975838492957872,
    "sharpe_ratio": 1.4440813759321443,
    "calmar_ratio": 10.330587579352128
}