{
    "initial_investment": 1000.0,
    "final_balance": 934.259284806355,
    "total_profit": -65.74071519364497,
    "profit_percentage": -6.5740715193645,
    "buy_count": 4,
    "sell_count": 3,
    "max_drawdown": 5.936297970126669,
    "annual_return": -0.04533990122785381,
    "annual_volatility": 0.07741420960754511,
    "sharpe_ratio": -0.844029817769857,
    "calmar_ratio": -0.7637740129625996
}