{
    "initial_investment": 1000.0,
    "final_balance": 1069.8148294153693,
    "total_profit": 69.81482941536933,
    "profit_percentage": 6.981482941536932,
    "buy_count": 11,
    "sell_count": 11,
    "max_drawdown": 6.430588797609138,
    "annual_return": 0.1421990066083274,
    "annual_volatility": 0.19353686072821258,
    "sharpe_ratio": 0.6313991357952929,
    "calmar_ratio": 2.2112906155840086
}