{
    "initial_investment": 1000.0,
    "final_balance": 975.6081225044804,
    "total_profit": -24.391877495519566,
    "profit_percentage": -2.439187749551952,
    "buy_count": 3,
    "sell_count": 3,
    "max_drawdown": 4.169026036195477,
    "annual_return": -0.03962267777170103,
    "annual_volatility": 0.05628029334249367,
    "sharpe_ratio": -1.059388184224046,
    "calmar_ratio": -0.9504061003144861
}