{
    "initial_investment": 1000.0,
    "final_balance": 1129.6853247382649,
    "total_profit": 129.68532473826485,
    "profit_percentage": 12.968532473826478,
    "buy_count": 4,
    "sell_count": 3,
    "max_drawdown": 2.007960011429133,
    "annual_return": 0.21566970518729112,
    "annual_volatility": 0.1530821922105513,
    "sharpe_ratio": 1.2782003077024424,
    "calmar_ratio": 10.740737064469313
}