{
    "initial_investment": 1000.0,
    "final_balance": 1033.790139181493,
    "total_profit": 33.79013918149303,
    "profit_percentage": 3.3790139181492984,
    "buy_count": 3,
    "sell_count": 2,
    "max_drawdown": 0.10000000000001119,
    "annual_return": 0.1291057680300527,
    "annual_volatility": 0.07359225951205076,
    "sharpe_ratio": 1.4825712480289668,
    "calmar_ratio": 129.10576803003823
}