{
    "initial_investment": 1000.0,
    "final_balance": 982.0546859578922,
    "total_profit": -17.94531404210784,
    "profit_percentage": -1.7945314042107863,
    "buy_count": 59,
    "sell_count": 58,
    "max_drawdown": 17.940230215807617,
    "annual_return": 0.03585856215879546,
    "annual_volatility": 0.26739041819971204,
    "sharpe_ratio": 0.05930864039769297,
    "calmar_ratio": 0.19987793761531286
}