{
    "initial_investment": 1000.0,
    "final_balance": 1116.3931268704696,
    "total_profit": 116.39312687046959,
    "profit_percentage": 11.639312687046965,
    "buy_count": 45,
    "sell_count": 45,
    "max_drawdown": 3.618194247638684,
    "annual_return": 0.36229895696792624,
    "annual_volatility": 0.12349168736348448,
    "sharpe_ratio": 2.771838042510555,
    "calmar_ratio": 10.013253357095762
}