{
    "initial_investment": 1000.0,
    "final_balance": 1031.6080539090094,
    "total_profit": 31.608053909009413,
    "profit_percentage": 3.1608053909009337,
    "buy_count": 5,
    "sell_count": 5,
    "max_drawdown": 1.630911440379168,
    "annual_return": 0.09072611191571145,
    "annual_volatility": 0.056911971860286695,
    "sharpe_ratio": 1.2427281923974995,
    "calmar_ratio": 5.562908547297864
}