{
    "initial_investment": 1000.0,
    "final_balance": 1108.7765959388398,
    "total_profit": 108.77659593883982,
    "profit_percentage": 10.877659593883982,
    "buy_count": 1,
    "sell_count": 0,
    "max_drawdown": 0.10000000000000009,
    "annual_return": -0.0027353972858294995,
    "annual_volatility": 0.0016460125387987785,
    "sharpe_ratio": -13.812408320061317,
    "calmar_ratio": -2.7353972858294973
}