{
    "initial_investment": 1000.0,
    "final_balance": 996.4225348436449,
    "total_profit": -3.5774651563550606,
    "profit_percentage": -0.3577465156355042,
    "buy_count": 2,
    "sell_count": 2,
    "max_drawdown": 0.3577465156355042,
    "annual_return": -0.009763542206727371,
    "annual_volatility": 0.003222215773379742,
    "sharpe_ratio": -9.236979861068946,
    "calmar_ratio": -2.729178840325901
}