{
    "initial_investment": 1000.0,
    "final_balance": 1113.735265573554,
    "total_profit": 113.73526557355399,
    "profit_percentage": 11.373526557355396,
    "buy_count": 4,
    "sell_count": 4,
    "max_drawdown": 0.10000000000000009,
    "annual_return": 0.35247993267105615,
    "annual_volatility": 0.1194506220008664,
    "sharpe_ratio": 2.7834089693450452,
    "calmar_ratio": 352.47993267105585
}