{
    "initial_investment": 1000.0,
    "final_balance": 1094.361729527966,
    "total_profit": 94.36172952796596,
    "profit_percentage": 9.436172952796596,
    "buy_count": 2,
    "sell_count": 2,
    "max_drawdown": 0.10000000000000009,
    "annual_return": 0.2891457523966463,
    "annual_volatility": 0.12072978912309346,
    "sharpe_ratio": 2.2293234698043842,
    "calmar_ratio": 289.14575239664606
}