{
    "initial_investment": 1000.0,
    "final_balance": 986.300531209478,
    "total_profit": -13.699468790522019,
    "profit_percentage": -1.3699468790521974,
    "buy_count": 13,
    "sell_count": 13,
    "max_drawdown": 6.790907798561463,
    "annual_return": -0.03169904821899394,
    "annual_volatility": 0.10486821038126172,
    "sharpe_ratio": -0.4929906597150412,
    "calmar_ratio": -0.46678660879048955
}