{
    "initial_investment": 1000.0,
    "final_balance": 1100.5219098913497,
    "total_profit": 100.52190989134965,
    "profit_percentage": 10.052190989134967,
    "buy_count": 3,
    "sell_count": 3,
    "max_drawdown": 0.10000000000000009,
    "annual_return": 0.3133823791085386,
    "annual_volatility": 0.14724394534779792,
    "sharpe_ratio": 1.9924919725259604,
    "calmar_ratio": 313.3823791085383
}