{
    "initial_investment": 1000.0,
    "final_balance": 1026.9667224492664,
    "total_profit": 26.9667224492664,
    "profit_percentage": 2.6966722449266456,
    "buy_count": 7,
    "sell_count": 7,
    "max_drawdown": 4.8098078930692845,
    "annual_return": 0.08522463654918644,
    "annual_volatility": 0.1348703713903434,
    "sharpe_ratio": 0.48360982383901446,
    "calmar_ratio": 1.7718927334289438
}