{
    "initial_investment": 1000.0,
    "final_balance": 1087.621914892257,
    "total_profit": 87.62191489225711,
    "profit_percentage": 8.762191489225701,
    "buy_count": 4,
    "sell_count": 4,
    "max_drawdown": 0.10000000000000009,
    "annual_return": 0.2632887046396173,
    "annual_volatility": 0.08642769939975904,
    "sharpe_ratio": 2.81493903377342,
    "calmar_ratio": 263.28870463961704
}