{
    "initial_investment": 1000.0,
    "final_balance": 981.4750168194761,
    "total_profit": -18.52498318052392,
    "profit_percentage": -1.8524983180523868,
    "buy_count": 8,
    "sell_count": 8,
    "max_drawdown": 4.1053844248553855,
    "annual_return": -0.04898655825155218,
    "annual_volatility": 0.04445211267453688,
    "sharpe_ratio": -1.5519297981773803,
    "calmar_ratio": -1.1932270691867732
}