{
    "initial_investment": 1000.0,
    "final_balance": 911.5649511636824,
    "total_profit": -88.4350488363176,
    "profit_percentage": -8.84350488363176,
    "buy_count": 2,
    "sell_count": 2,
    "max_drawdown": 8.84350488363176,
    "annual_return": -0.2184315747579919,
    "annual_volatility": 0.11706046217862728,
    "sharpe_ratio": -2.036824136181519,
    "calmar_ratio": -2.4699661235250963
}