{
    "initial_investment": 1000.0,
    "final_balance": 1154.8065288224946,
    "total_profit": 154.80652882249456,
    "profit_percentage": 15.480652882249446,
    "buy_count": 5,
    "sell_count": 4,
    "max_drawdown": 0.10164582696012836,
    "annual_return": 0.523050997173925,
    "annual_volatility": 0.17076671452947925,
    "sharpe_ratio": 2.9458375337371963,
    "calmar_ratio": 514.581870025119
}