{
    "initial_investment": 1000.0,
    "final_balance": 1088.5917673638826,
    "total_profit": 88.59176736388258,
    "profit_percentage": 8.859176736388253,
    "buy_count": 2,
    "sell_count": 2,
    "max_drawdown": 0.10000000000000009,
    "annual_return": 0.27188199079327724,
    "annual_volatility": 0.12958689998370237,
    "sharpe_ratio": 1.9437303525661576,
    "calmar_ratio": 271.881990793277
}