{
    "initial_investment": 1000.0,
    "final_balance": 1111.0268113237316,
    "total_profit": 111.02681132373164,
    "profit_percentage": 11.10268113237316,
    "buy_count": 5,
    "sell_count": 4,
    "max_drawdown": 2.7483193289464913,
    "annual_return": 0.3665082701816076,
    "annual_volatility": 0.21342765609053516,
    "sharpe_ratio": 1.6235396880084751,
    "calmar_ratio": 13.33572363012491
}