{
    "initial_investment": 1000.0,
    "final_balance": 1000.7429903584647,
    "total_profit": 0.7429903584646809,
    "profit_percentage": 0.07429903584645903,
    "buy_count": 7,
    "sell_count": 7,
    "max_drawdown": 8.418416143978135,
    "annual_return": 0.011199533456967448,
    "annual_volatility": 0.13341177922763478,
    "sharpe_ratio": -0.06596468913001075,
    "calmar_ratio": 0.1330361111333122
}