{
    "initial_investment": 1000.0,
    "final_balance": 1121.4251413401396,
    "total_profit": 121.42514134013959,
    "profit_percentage": 12.142514134013949,
    "buy_count": 8,
    "sell_count": 7,
    "max_drawdown": 2.582987218998123,
    "annual_return": 0.4143089157321289,
    "annual_volatility": 0.2077753841921502,
    "sharpe_ratio": 1.8977653068251479,
    "calmar_ratio": 16.03991350343689
}