{
    "initial_investment": 1000.0,
    "final_balance": 975.1368378436788,
    "total_profit": -24.86316215632121,
    "profit_percentage": -2.486316215632123,
    "buy_count": 1,
    "sell_count": 1,
    "max_drawdown": 2.486316215632123,
    "annual_return": -0.06590589947626813,
    "annual_volatility": 0.039334745131151774,
    "sharpe_ratio": -2.1839699021777466,
    "calmar_ratio": -2.6507448675233034
}