{
    "initial_investment": 1000.0,
    "final_balance": 984.2162342534806,
    "total_profit": -15.783765746519407,
    "profit_percentage": -1.5783765746519407,
    "buy_count": 21,
    "sell_count": 20,
    "max_drawdown": 6.161667370468438,
    "annual_return": -0.032344774264328136,
    "annual_volatility": 0.12649473316351828,
    "sharpe_ratio": -0.4138099109364708,
    "calmar_ratio": -0.5249354163347045
}