{
    "initial_investment": 1000.0,
    "final_balance": 1051.5913416654953,
    "total_profit": 51.59134166549529,
    "profit_percentage": 5.159134166549539,
    "buy_count": 2,
    "sell_count": 2,
    "max_drawdown": 0.10000000000001119,
    "annual_return": 0.14986528310152258,
    "annual_volatility": 0.06143747191081697,
    "sharpe_ratio": 2.1137797351107785,
    "calmar_ratio": 149.8652831015058
}