{
    "initial_investment": 1000.0,
    "final_balance": 1085.7539973408732,
    "total_profit": 85.75399734087318,
    "profit_percentage": 8.57539973408732,
    "buy_count": 3,
    "sell_count": 2,
    "max_drawdown": 0.8543526160113113,
    "annual_return": 0.2551439300812277,
    "annual_volatility": 0.15293038190201638,
    "sharpe_ratio": 1.5375880656067815,
    "calmar_ratio": 29.864007588858335
}