{
    "initial_investment": 1000.0,
    "final_balance": 1015.8478005704388,
    "total_profit": 15.847800570438835,
    "profit_percentage": 1.5847800570438775,
    "buy_count": 5,
    "sell_count": 5,
    "max_drawdown": 1.4067242172128513,
    "annual_return": 0.04465676558372267,
    "annual_volatility": 0.03529732792341817,
    "sharpe_ratio": 0.6985448200843561,
    "calmar_ratio": 3.174521703493618
}