{
    "initial_investment": 1000.0,
    "final_balance": 1010.7409058291997,
    "total_profit": 10.740905829199733,
    "profit_percentage": 1.0740905829199843,
    "buy_count": 31,
    "sell_count": 30,
    "max_drawdown": 9.213389161865415,
    "annual_return": 0.04960712925677835,
    "annual_volatility": 0.1838947667518789,
    "sharpe_ratio": 0.16100039049358017,
    "calmar_ratio": 0.5384243342515502
}