{
    "initial_investment": 1000.0,
    "final_balance": 998.4653542146468,
    "total_profit": -1.5346457853531774,
    "profit_percentage": -0.1534645785353228,
    "buy_count": 3,
    "sell_count": 3,
    "max_drawdown": 1.7060904468998328,
    "annual_return": -0.0036557296770035608,
    "annual_volatility": 0.03295018594827837,
    "sharpe_ratio": -0.7179240115408076,
    "calmar_ratio": -0.2142752562530581
}