{
    "initial_investment": 1000.0,
    "final_balance": 1108.7280925177545,
    "total_profit": 108.72809251775448,
    "profit_percentage": 10.87280925177545,
    "buy_count": 2,
    "sell_count": 1,
    "max_drawdown": 1.1892355094581752,
    "annual_return": -0.03210710514428328,
    "annual_volatility": 0.016444748386228353,
    "sharpe_ratio": -3.1686167474547893,
    "calmar_ratio": -2.699810499176191
}