{
    "initial_investment": 1000.0,
    "final_balance": 833.5947526520528,
    "total_profit": -166.40524734794724,
    "profit_percentage": -16.640524734794727,
    "buy_count": 11,
    "sell_count": 11,
    "max_drawdown": 22.99373676527705,
    "annual_return": -0.4510421473010968,
    "annual_volatility": 0.3008202695888806,
    "sharpe_ratio": -1.565859069087505,
    "calmar_ratio": -1.9615869830353878
}