{
    "initial_investment": 1000.0,
    "final_balance": 828.5452102001163,
    "total_profit": -171.45478979988366,
    "profit_percentage": -17.145478979988372,
    "buy_count": 7,
    "sell_count": 7,
    "max_drawdown": 19.329172876858426,
    "annual_return": -0.46519243233472074,
    "annual_volatility": 0.28623702740574236,
    "sharpe_ratio": -1.6950722159609286,
    "calmar_ratio": -2.4066856626424284
}