{
    "initial_investment": 1000.0,
    "final_balance": 999.182837561972,
    "total_profit": -0.8171624380280491,
    "profit_percentage": -0.08171624380280962,
    "buy_count": 12,
    "sell_count": 12,
    "max_drawdown": 7.094342147821697,
    "annual_return": 0.018919346557928707,
    "annual_volatility": 0.20881654731354216,
    "sharpe_ratio": -0.005175133177777675,
    "calmar_ratio": 0.26668218368545776
}