{
    "initial_investment": 1000.0,
    "final_balance": 872.8764433064867,
    "total_profit": -127.12355669351325,
    "profit_percentage": -12.712355669351327,
    "buy_count": 15,
    "sell_count": 14,
    "max_drawdown": 12.624980650001326,
    "annual_return": -0.37091221082851344,
    "annual_volatility": 0.17500937284970097,
    "sharpe_ratio": -2.233664428728803,
    "calmar_ratio": -2.9379230044877294
}