{
    "initial_investment": 1000.0,
    "final_balance": 918.7058542099152,
    "total_profit": -81.29414579008483,
    "profit_percentage": -8.129414579008486,
    "buy_count": 2,
    "sell_count": 2,
    "max_drawdown": 8.129414579008486,
    "annual_return": -0.2555521596710725,
    "annual_volatility": 0.10646246449435977,
    "sharpe_ratio": -2.5882564430552972,
    "calmar_ratio": -3.143549356320824
}