{
    "initial_investment": 1000.0,
    "final_balance": 1028.3846039837597,
    "total_profit": 28.38460398375969,
    "profit_percentage": 2.8384603983759638,
    "buy_count": 3,
    "sell_count": 2,
    "max_drawdown": 6.794513326701768,
    "annual_return": 0.025770069914290206,
    "annual_volatility": 0.19010472389624955,
    "sharpe_ratio": 0.03035205962288052,
    "calmar_ratio": 0.379277641755685
}