{
    "initial_investment": 1000.0,
    "final_balance": 889.5857603625391,
    "total_profit": -110.41423963746092,
    "profit_percentage": -11.04142396374609,
    "buy_count": 3,
    "sell_count": 3,
    "max_drawdown": 15.082575896853513,
    "annual_return": -0.31141100884684136,
    "annual_volatility": 0.27804256301416874,
    "sharpe_ratio": -1.1919434393573514,
    "calmar_ratio": -2.0647070565168324
}