{
    "initial_investment": 1000.0,
    "final_balance": 808.8963998684623,
    "total_profit": -191.10360013153775,
    "profit_percentage": -19.11036001315377,
    "buy_count": 2,
    "sell_count": 2,
    "max_drawdown": 19.11036001315377,
    "annual_return": -0.5028842991521327,
    "annual_volatility": 0.3096514473273777,
    "sharpe_ratio": -1.6886221707186646,
    "calmar_ratio": -2.631474754039142
}