{
    "initial_investment": 1000.0,
    "final_balance": 938.9025459190065,
    "total_profit": -61.09745408099354,
    "profit_percentage": -6.109745408099354,
    "buy_count": 15,
    "sell_count": 15,
    "max_drawdown": 12.023607427159854,
    "annual_return": -0.17776619598949994,
    "annual_volatility": 0.2330190894534709,
    "sharpe_ratio": -0.8487124228892403,
    "calmar_ratio": -1.4784763812892618
}