{
    "initial_investment": 1000.0,
    "final_balance": 999.7565399155286,
    "total_profit": -0.2434600844713941,
    "profit_percentage": -0.0243460084471403,
    "buy_count": 2,
    "sell_count": 2,
    "max_drawdown": 14.162720713542509,
    "annual_return": 0.08428770398308538,
    "annual_volatility": 0.40712108680633025,
    "sharpe_ratio": 0.15790806732068732,
    "calmar_ratio": 0.5951377965286627
}