{
    "initial_investment": 1000.0,
    "final_balance": 1001.8024785116611,
    "total_profit": 1.8024785116610929,
    "profit_percentage": 0.1802478511661043,
    "buy_count": 14,
    "sell_count": 14,
    "max_drawdown": 20.151397845763086,
    "annual_return": 0.10805338069916748,
    "annual_volatility": 0.4442277377984941,
    "sharpe_ratio": 0.1982167550714929,
    "calmar_ratio": 0.536207867693338
}