{
    "initial_investment": 1000.0,
    "final_balance": 999.1542696489012,
    "total_profit": -0.8457303510988368,
    "profit_percentage": -0.08457303510988057,
    "buy_count": 4,
    "sell_count": 4,
    "max_drawdown": 10.663175648896583,
    "annual_return": 0.028471625377934462,
    "annual_volatility": 0.24573636494422538,
    "sharpe_ratio": 0.03447444736092381,
    "calmar_ratio": 0.26700887536144713
}