{
    "initial_investment": 1000.0,
    "final_balance": 1078.2186909867144,
    "total_profit": 78.21869098671436,
    "profit_percentage": 7.821869098671441,
    "buy_count": 10,
    "sell_count": 10,
    "max_drawdown": 9.826158206774515,
    "annual_return": 0.35865207722747305,
    "annual_volatility": 0.2786616635439942,
    "sharpe_ratio": 1.2152804692275432,
    "calmar_ratio": 3.6499725495993447
}