{
    "initial_investment": 1000.0,
    "final_balance": 905.3304531869118,
    "total_profit": -94.66954681308823,
    "profit_percentage": -9.466954681308826,
    "buy_count": 3,
    "sell_count": 3,
    "max_drawdown": 12.840363786070752,
    "annual_return": -0.2742677774033103,
    "annual_volatility": 0.24407841247056855,
    "sharpe_ratio": -1.2056280374193016,
    "calmar_ratio": -2.1359813629333186
}