{
    "initial_investment": 1000.0,
    "final_balance": 928.7295030371539,
    "total_profit": -71.2704969628461,
    "profit_percentage": -7.127049696284605,
    "buy_count": 7,
    "sell_count": 7,
    "max_drawdown": 15.340110608047652,
    "annual_return": -0.19435823748752723,
    "annual_volatility": 0.2944139816942176,
    "sharpe_ratio": -0.7280844348967184,
    "calmar_ratio": -1.2669937163657998
}