{
    "initial_investment": 1000.0,
    "final_balance": 923.7285169040265,
    "total_profit": -76.27148309597351,
    "profit_percentage": -7.627148309597354,
    "buy_count": 8,
    "sell_count": 8,
    "max_drawdown": 12.782790039183588,
    "annual_return": -0.2347791523515812,
    "annual_volatility": 0.1654416809478497,
    "sharpe_ratio": -1.5399937361123184,
    "calmar_ratio": -1.836681597928961
}