{
    "initial_investment": 1000.0,
    "final_balance": 918.7626053356806,
    "total_profit": -81.23739466431937,
    "profit_percentage": -8.123739466431934,
    "buy_count": 3,
    "sell_count": 3,
    "max_drawdown": 10.001893592638499,
    "annual_return": -0.2455030112330917,
    "annual_volatility": 0.18856422747288998,
    "sharpe_ratio": -1.4080242832446217,
    "calmar_ratio": -2.4545653176492954
}