{
    "initial_investment": 1000.0,
    "final_balance": 1002.952543733114,
    "total_profit": 2.9525437331139983,
    "profit_percentage": 0.29525437331139326,
    "buy_count": 3,
    "sell_count": 3,
    "max_drawdown": 6.452450227192619,
    "annual_return": 0.024371848726197687,
    "annual_volatility": 0.16664270927674427,
    "sharpe_ratio": 0.02623486347030843,
    "calmar_ratio": 0.37771463348120354
}