{
    "initial_investment": 1000.0,
    "final_balance": 1031.1359319393978,
    "total_profit": 31.13593193939778,
    "profit_percentage": 3.1135931939397787,
    "buy_count": 1,
    "sell_count": 1,
    "max_drawdown": 0.10000000000000009,
    "annual_return": 0.11694863185556814,
    "annual_volatility": 0.060230808800707414,
    "sharpe_ratio": 1.6096186285054415,
    "calmar_ratio": 116.94863185556804
}