{
    "initial_investment": 1000.0,
    "final_balance": 1025.8072749136027,
    "total_profit": 25.80727491360267,
    "profit_percentage": 2.5807274913602685,
    "buy_count": 13,
    "sell_count": 13,
    "max_drawdown": 9.493394123716003,
    "annual_return": 0.11203250738377002,
    "annual_volatility": 0.17847052399025365,
    "sharpe_ratio": 0.5156734306937764,
    "calmar_ratio": 1.1801101473696858
}