{
    "initial_investment": 1000.0,
    "final_balance": 1044.3356208073226,
    "total_profit": 44.335620807322584,
    "profit_percentage": 4.433562080732267,
    "buy_count": 25,
    "sell_count": 25,
    "max_drawdown": 20.172098147966356,
    "annual_return": 0.22387011985281235,
    "annual_volatility": 0.310750890078778,
    "sharpe_ratio": 0.6560564309280966,
    "calmar_ratio": 1.1098008655851288
}