{
    "initial_investment": 1000.0,
    "final_balance": 905.9859492994291,
    "total_profit": -94.01405070057092,
    "profit_percentage": -9.40140507005709,
    "buy_count": 6,
    "sell_count": 5,
    "max_drawdown": 11.425102159246547,
    "annual_return": -0.2839249637370008,
    "annual_volatility": 0.15770632753984587,
    "sharpe_ratio": -1.9271577017745947,
    "calmar_ratio": -2.4850978116393914
}