{
    "initial_investment": 1000.0,
    "final_balance": 782.8903944128139,
    "total_profit": -217.10960558718614,
    "profit_percentage": -21.710960558718618,
    "buy_count": 8,
    "sell_count": 8,
    "max_drawdown": 22.158987833893974,
    "annual_return": -0.5705886201248584,
    "annual_volatility": 0.2119882557700181,
    "sharpe_ratio": -2.7859497120707313,
    "calmar_ratio": -2.5749760070362817
}