{
    "initial_investment": 1000.0,
    "final_balance": 1086.7691487600036,
    "total_profit": 86.76914876000365,
    "profit_percentage": 8.676914876000374,
    "buy_count": 6,
    "sell_count": 6,
    "max_drawdown": 3.1441508801364315,
    "annual_return": 0.36798959615076665,
    "annual_volatility": 0.19335006571376367,
    "sharpe_ratio": 1.7997904208935311,
    "calmar_ratio": 11.703942023761874
}