{
    "initial_investment": 1000.0,
    "final_balance": 998.8593692427578,
    "total_profit": -1.1406307572422065,
    "profit_percentage": -0.11406307572422447,
    "buy_count": 9,
    "sell_count": 9,
    "max_drawdown": 12.302087410405992,
    "annual_return": 0.05439141067984887,
    "annual_volatility": 0.33423413453529277,
    "sharpe_ratio": 0.10289616507202491,
    "calmar_ratio": 0.44213155755860345
}