{
    "initial_investment": 1000.0,
    "final_balance": 1130.7035394908366,
    "total_profit": 130.70353949083665,
    "profit_percentage": 13.070353949083668,
    "buy_count": 6,
    "sell_count": 6,
    "max_drawdown": 7.023836244477111,
    "annual_return": 0.4376946191745241,
    "annual_volatility": 0.23388597634517683,
    "sharpe_ratio": 1.7858899695554054,
    "calmar_ratio": 6.231560701869813
}