{
    "initial_investment": 1000.0,
    "final_balance": 939.6357659607373,
    "total_profit": -60.36423403926267,
    "profit_percentage": -6.036423403926272,
    "buy_count": 2,
    "sell_count": 1,
    "max_drawdown": 0.4463770498968067,
    "annual_return": -0.012168763528789261,
    "annual_volatility": 0.0046465736525147525,
    "sharpe_ratio": -6.923114951891346,
    "calmar_ratio": -2.726117646864334
}