{
    "initial_investment": 1000.0,
    "final_balance": 989.01452991207,
    "total_profit": -10.985470087930025,
    "profit_percentage": -1.098547008793005,
    "buy_count": 19,
    "sell_count": 18,
    "max_drawdown": 19.848076254318826,
    "annual_return": 0.20984345382448155,
    "annual_volatility": 0.3926425841276085,
    "sharpe_ratio": 0.48350194680560327,
    "calmar_ratio": 1.057248325407964
}