{
    "initial_investment": 1000.0,
    "final_balance": 871.4231294923218,
    "total_profit": -128.57687050767822,
    "profit_percentage": -12.857687050767819,
    "buy_count": 2,
    "sell_count": 1,
    "max_drawdown": 6.6866970943372355,
    "annual_return": -0.16771707832226168,
    "annual_volatility": 0.10697623039627106,
    "sharpe_ratio": -1.7547550294762027,
    "calmar_ratio": -2.5082200667396206
}