{
    "initial_investment": 1000.0,
    "final_balance": 902.9794907255979,
    "total_profit": -97.02050927440212,
    "profit_percentage": -9.702050927440208,
    "buy_count": 10,
    "sell_count": 9,
    "max_drawdown": 24.32538884484715,
    "annual_return": -0.09932327456691648,
    "annual_volatility": 0.42669522160182227,
    "sharpe_ratio": -0.2796452093346032,
    "calmar_ratio": -0.40831114848943567
}