{
    "initial_investment": 1000.0,
    "final_balance": 845.2579390534228,
    "total_profit": -154.74206094657723,
    "profit_percentage": -15.474206094657728,
    "buy_count": 19,
    "sell_count": 18,
    "max_drawdown": 26.98749109841867,
    "annual_return": -0.3418157409891718,
    "annual_volatility": 0.2794960901899977,
    "sharpe_ratio": -1.294528809842078,
    "calmar_ratio": -1.2665710189310648
}