{
    "initial_investment": 1000.0,
    "final_balance": 818.8826210766474,
    "total_profit": -181.1173789233526,
    "profit_percentage": -18.111737892335256,
    "buy_count": 39,
    "sell_count": 38,
    "max_drawdown": 20.755486986200932,
    "annual_return": -0.40912039267790035,
    "annual_volatility": 0.30702918848586297,
    "sharpe_ratio": -1.3976534113715349,
    "calmar_ratio": -1.9711433075499492
}