{
    "initial_investment": 1000.0,
    "final_balance": 1032.0971401093075,
    "total_profit": 32.097140109307475,
    "profit_percentage": 3.209714010930753,
    "buy_count": 8,
    "sell_count": 8,
    "max_drawdown": 12.741554773173192,
    "annual_return": 0.12114861783238728,
    "annual_volatility": 0.23786788691681124,
    "sharpe_ratio": 0.42523023659667714,
    "calmar_ratio": 0.9508150299479983
}