{
    "initial_investment": 1000.0,
    "final_balance": 998.001,
    "total_profit": -1.9990000000000236,
    "profit_percentage": -0.1998999999999973,
    "buy_count": 1,
    "sell_count": 0,
    "max_drawdown": 0.10000000000000009,
    "annual_return": -0.0027353972858294995,
    "annual_volatility": 0.0016460125387987791,
    "sharpe_ratio": -13.812408320061312,
    "calmar_ratio": -2.7353972858294973
}