{
    "initial_investment": 1000.0,
    "final_balance": 933.3855581834699,
    "total_profit": -66.61444181653007,
    "profit_percentage": -6.661444181653009,
    "buy_count": 3,
    "sell_count": 2,
    "max_drawdown": 12.762237987869485,
    "annual_return": -0.19338047210330034,
    "annual_volatility": 0.22404781519056002,
    "sharpe_ratio": -0.95238809591521,
    "calmar_ratio": -1.5152551792805353
}