{
    "initial_investment": 1000.0,
    "final_balance": 831.9541084381402,
    "total_profit": -168.04589156185978,
    "profit_percentage": -16.80458915618598,
    "buy_count": 26,
    "sell_count": 25,
    "max_drawdown": 18.243336101986085,
    "annual_return": -0.4042603696572964,
    "annual_volatility": 0.18380496913558764,
    "sharpe_ratio": -2.3082094660037824,
    "calmar_ratio": -2.215934450789875
}