{
    "initial_investment": 1000.0,
    "final_balance": 858.4293188774802,
    "total_profit": -141.57068112251977,
    "profit_percentage": -14.15706811225198,
    "buy_count": 12,
    "sell_count": 11,
    "max_drawdown": 16.875977591908576,
    "annual_return": -0.34648684813864716,
    "annual_volatility": 0.19085756815246432,
    "sharpe_ratio": -1.9202112427938067,
    "calmar_ratio": -2.0531364553646667
}