{
    "initial_investment": 1000.0,
    "final_balance": 921.861157382659,
    "total_profit": -78.13884261734097,
    "profit_percentage": -7.813884261734094,
    "buy_count": 17,
    "sell_count": 16,
    "max_drawdown": 11.537977591781267,
    "annual_return": -0.03529465813708854,
    "annual_volatility": 0.24122157668981614,
    "sharpe_ratio": -0.2292276623669999,
    "calmar_ratio": -0.3058998672542893
}