{
    "initial_investment": 1000.0,
    "final_balance": 954.0927232162638,
    "total_profit": -45.907276783736165,
    "profit_percentage": -4.590727678373618,
    "buy_count": 12,
    "sell_count": 12,
    "max_drawdown": 12.855165872110897,
    "annual_return": -0.10564716019938636,
    "annual_volatility": 0.18567683644589736,
    "sharpe_ratio": -0.676698087949153,
    "calmar_ratio": -0.8218265034493752
}