{
    "initial_investment": 1000.0,
    "final_balance": 858.9576164592099,
    "total_profit": -141.04238354079007,
    "profit_percentage": -14.104238354079001,
    "buy_count": 14,
    "sell_count": 14,
    "max_drawdown": 21.811784222404818,
    "annual_return": -0.31769471618909395,
    "annual_volatility": 0.2592367485356978,
    "sharpe_ratio": -1.3026498677234886,
    "calmar_ratio": -1.4565278702086257
}