{
    "initial_investment": 1000.0,
    "final_balance": 790.1242428202587,
    "total_profit": -209.8757571797413,
    "profit_percentage": -20.987575717974128,
    "buy_count": 13,
    "sell_count": 12,
    "max_drawdown": 26.840195985604133,
    "annual_return": -0.4500310951639457,
    "annual_volatility": 0.3655407127772523,
    "sharpe_ratio": -1.2858515583471168,
    "calmar_ratio": -1.6767056969528913
}