{
    "initial_investment": 1000.0,
    "final_balance": 1035.7023482040706,
    "total_profit": 35.70234820407063,
    "profit_percentage": 3.570234820407059,
    "buy_count": 14,
    "sell_count": 13,
    "max_drawdown": 15.813466193833337,
    "annual_return": 0.15513043198159027,
    "annual_volatility": 0.3652945318814372,
    "sharpe_ratio": 0.3699218580842301,
    "calmar_ratio": 0.9810020781028094
}