{
    "initial_investment": 1000.0,
    "final_balance": 1200.8382458315712,
    "total_profit": 200.83824583157116,
    "profit_percentage": 20.083824583157117,
    "buy_count": 7,
    "sell_count": 6,
    "max_drawdown": 2.6794059195193287,
    "annual_return": 0.6471915141101607,
    "annual_volatility": 0.22376942025860166,
    "sharpe_ratio": 2.8028472942609395,
    "calmar_ratio": 24.15429141943015
}