{
    "initial_investment": 1000.0,
    "final_balance": 987.3161751033095,
    "total_profit": -12.683824896690453,
    "profit_percentage": -1.2683824896690399,
    "buy_count": 12,
    "sell_count": 11,
    "max_drawdown": 11.546881824113076,
    "annual_return": 0.08573602513226741,
    "annual_volatility": 0.2231092279398113,
    "sharpe_ratio": 0.29463606565839207,
    "calmar_ratio": 0.7425037030623015
}