{
    "initial_investment": 1000.0,
    "final_balance": 940.9796564413623,
    "total_profit": -59.020343558637705,
    "profit_percentage": -5.902034355863773,
    "buy_count": 4,
    "sell_count": 4,
    "max_drawdown": 5.902034355863773,
    "annual_return": -0.15243102309058854,
    "annual_volatility": 0.04966615795069903,
    "sharpe_ratio": -3.4718011258642494,
    "calmar_ratio": -2.582686136673293
}