{
    "initial_investment": 1000.0,
    "final_balance": 1008.4347785991534,
    "total_profit": 8.434778599153447,
    "profit_percentage": 0.8434778599153425,
    "buy_count": 35,
    "sell_count": 35,
    "max_drawdown": 20.01009841732575,
    "annual_return": 0.07272973104987646,
    "annual_volatility": 0.3085456148855772,
    "sharpe_ratio": 0.1708976841866025,
    "calmar_ratio": 0.3634651341189976
}