{
    "initial_investment": 1000.0,
    "final_balance": 1189.3276100986307,
    "total_profit": 189.32761009863066,
    "profit_percentage": 18.932761009863075,
    "buy_count": 3,
    "sell_count": 2,
    "max_drawdown": 0.10000000000001119,
    "annual_return": 0.6939827027150802,
    "annual_volatility": 0.229217551615416,
    "sharpe_ratio": 2.9403625418959916,
    "calmar_ratio": 693.9827027150026
}