{
    "initial_investment": 1000.0,
    "final_balance": 1136.4579134963647,
    "total_profit": 136.45791349636465,
    "profit_percentage": 13.645791349636461,
    "buy_count": 3,
    "sell_count": 2,
    "max_drawdown": 0.10000000000000009,
    "annual_return": 0.4150498856575,
    "annual_volatility": 0.17145919302970447,
    "sharpe_ratio": 2.304046103780854,
    "calmar_ratio": 415.04988565749966
}