{
    "initial_investment": 1000.0,
    "final_balance": 883.031383321108,
    "total_profit": -116.96861667889198,
    "profit_percentage": -11.696861667889202,
    "buy_count": 5,
    "sell_count": 4,
    "max_drawdown": 8.226209941506479,
    "annual_return": -0.16324780906470682,
    "annual_volatility": 0.09093268802797086,
    "sharpe_ratio": -2.0152028169269545,
    "calmar_ratio": -1.9844838659054571
}