{
    "initial_investment": 1000.0,
    "final_balance": 856.90225928344,
    "total_profit": -143.09774071656,
    "profit_percentage": -14.309774071656001,
    "buy_count": 12,
    "sell_count": 11,
    "max_drawdown": 14.303927652379356,
    "annual_return": -0.3143792881919979,
    "annual_volatility": 0.2858364304258311,
    "sharpe_ratio": -1.169827399865892,
    "calmar_ratio": -2.1978528962966557
}