{
    "initial_investment": 1000.0,
    "final_balance": 925.2539094530457,
    "total_profit": -74.74609054695429,
    "profit_percentage": -7.474609054695424,
    "buy_count": 7,
    "sell_count": 6,
    "max_drawdown": 18.980945687475582,
    "annual_return": -0.08728394306203402,
    "annual_volatility": 0.2908200153871431,
    "sharpe_ratio": -0.3689015108510202,
    "calmar_ratio": -0.4598503388565492
}