{
    "initial_investment": 1000.0,
    "final_balance": 1110.3500974935537,
    "total_profit": 110.35009749355368,
    "profit_percentage": 11.035009749355362,
    "buy_count": 5,
    "sell_count": 5,
    "max_drawdown": 8.872883120773501,
    "annual_return": 0.372644361231526,
    "annual_volatility": 0.2473881895109421,
    "sharpe_ratio": 1.4254696714853816,
    "calmar_ratio": 4.1998114497764325
}